provider_npi,provider_name,taxonomy_code,taxonomy_description,provider_state,valid_from,valid_to,is_current,data_source
1203899566,Wei Garcia,207RP1001X,Pulmonary Disease,WA,2020-01-01,,true,synthetic_roster
1332077480,Elena Nguyen,208600000X,Surgery,WA,2020-01-01,,true,synthetic_roster
1344852771,Omar Walker,207RI0200X,Infectious Disease,WA,2020-01-01,,true,synthetic_roster
1469310704,Ahmed Thompson,207R00000X,Internal Medicine,WA,2020-01-01,2026-07-01,false,synthetic_roster
1469310704,Ahmed Thompson,208M00000X,Hospitalist,WA,2026-07-01,,true,synthetic_roster
1483244145,Luis Baker,208M00000X,Hospitalist,WA,2020-01-01,2026-08-01,false,synthetic_roster
1483244145,Luis Baker,208M00000X,Hospitalist,OR,2026-08-01,,true,synthetic_roster
1495939476,Olusegun Garcia,207R00000X,Internal Medicine,WA,2020-01-01,,true,synthetic_roster
1553293451,Leila Lopez,207R00000X,Internal Medicine,WA,2020-01-01,2023-03-01,false,synthetic_roster
1553293451,Leila Lopez,207RC0000X,Cardiovascular Disease,WA,2023-03-01,,true,synthetic_roster
1555825383,Rajesh Hill,207RN0300X,Nephrology,WA,2020-01-01,,true,synthetic_roster
1573646084,Omar Scott,207RI0200X,Infectious Disease,WA,2020-01-01,,true,synthetic_roster
1581396169,Ananya Garcia,207RN0300X,Nephrology,WA,2020-01-01,,true,synthetic_roster
1596942767,Kevin Campbell,207RI0200X,Infectious Disease,WA,2020-01-01,,true,synthetic_roster
1597867385,Rachel Young,208600000X,Surgery,WA,2020-01-01,,true,synthetic_roster
1648014763,Gabriela Nguyen,208M00000X,Hospitalist,WA,2020-01-01,,true,synthetic_roster
1653796890,Aisha Allen,207RN0300X,Nephrology,WA,2020-01-01,,true,synthetic_roster
1706012022,Hiroshi Clark,207RC0000X,Cardiovascular Disease,WA,2020-01-01,,true,synthetic_roster
1721912461,Thomas Lopez,207RC0200X,Critical Care Medicine,WA,2020-01-01,,true,synthetic_roster
1765216282,Elena Garcia,207RC0200X,Critical Care Medicine,OR,2020-01-01,2026-07-01,false,synthetic_roster
1765216282,Elena Garcia,207RC0200X,Critical Care Medicine,WA,2026-07-01,,true,synthetic_roster
1807800515,Kevin Evans,207RC0000X,Cardiovascular Disease,WA,2020-01-01,,true,synthetic_roster
1856419555,Carlos Perez,207RP1001X,Pulmonary Disease,WA,2020-01-01,2026-08-01,false,synthetic_roster
1856419555,Carlos Perez,207RC0200X,Critical Care Medicine,WA,2026-08-01,,true,synthetic_roster
1903144917,Fatima Chen,207RP1001X,Pulmonary Disease,WA,2020-01-01,,true,synthetic_roster
1913900795,Wei Patel,207R00000X,Internal Medicine,WA,2020-01-01,,true,synthetic_roster
1985677958,David Singh,208M00000X,Hospitalist,WA,2020-01-01,,true,synthetic_roster
1986443616,Brian Rodriguez,208600000X,Surgery,WA,2020-01-01,,true,synthetic_roster
1994197873,Nikhil Kim,207RC0200X,Critical Care Medicine,WA,2020-01-01,,true,synthetic_roster
